loss,accuracy,val_loss,val_accuracy,lr
19.35096549987793,0.26757141947746277,7.227921962738037,0.24900001287460327,0.001
19.49225616455078,0.26014286279678345,7.841012954711914,0.23100000619888306,0.001
19.219783782958984,0.27471429109573364,8.711915969848633,0.3190000057220459,0.001
18.784814834594727,0.27457141876220703,8.329296112060547,0.31800001859664917,0.001
18.66456413269043,0.28128570318222046,7.51646089553833,0.30900001525878906,0.001
